PacketID,SourceID,DestinationID,CreationTime,DeliveryTime,Delay
401,453,451,28800,28802,2
402,454,458,28800,28802,2
407,455,450,28800,28802,2
408,459,450,28800,28802,2
420,454,451,28800,28802,2
421,456,455,28800,28802,2
425,453,456,28800,28802,2
426,454,457,28800,28802,2
431,451,455,28800,28802,2
434,454,456,28800,28802,2
438,455,450,28800,28802,2
440,458,453,28800,28802,2
444,458,455,28800,28802,2
448,453,450,28800,28802,2
449,457,456,28800,28802,2
451,451,459,28800,28802,2
453,459,458,28800,28802,2
460,457,456,28800,28802,2
462,451,455,28800,28802,2
468,458,457,28800,28802,2
478,455,457,28800,28802,2
485,453,455,28800,28802,2
487,454,450,28800,28802,2
492,450,457,28800,28802,2
494,451,450,28800,28802,2
497,457,451,28800,28802,2
499,452,450,28800,28802,2
508,454,450,28800,28802,2
510,455,454,28800,28802,2
529,453,450,28800,28802,2
531,455,454,28800,28802,2
534,459,458,28800,28802,2
540,451,457,28800,28802,2
543,451,452,28800,28802,2
544,454,457,28800,28802,2
547,457,452,28800,28802,2
550,453,457,28800,28802,2
553,456,454,28800,28802,2
556,455,450,28800,28802,2
557,459,458,28800,28802,2
561,452,450,28800,28802,2
573,451,450,28800,28802,2
574,453,455,28800,28802,2
581,453,457,28800,28802,2
585,452,450,28800,28802,2
589,451,454,28800,28802,2
598,455,454,28800,28802,2
400,458,459,28800,28803,3
404,457,453,28800,28803,3
405,457,451,28800,28803,3
414,452,451,28800,28803,3
424,452,457,28800,28803,3
427,459,457,28800,28803,3
433,450,453,28800,28803,3
435,456,450,28800,28803,3
441,457,458,28800,28803,3
445,455,450,28800,28803,3
450,459,451,28800,28803,3
452,450,458,28800,28803,3
454,458,450,28800,28803,3
455,453,457,28800,28803,3
459,457,459,28800,28803,3
467,458,453,28800,28803,3
469,455,452,28800,28803,3
471,450,455,28800,28803,3
472,457,453,28800,28803,3
477,451,459,28800,28803,3
479,454,451,28800,28803,3
480,452,451,28800,28803,3
489,452,457,28800,28803,3
498,453,451,28800,28803,3
500,456,458,28800,28803,3
503,454,455,28800,28803,3
512,459,455,28800,28803,3
513,452,451,28800,28803,3
514,453,450,28800,28803,3
525,451,458,28800,28803,3
526,457,450,28800,28803,3
528,451,450,28800,28803,3
530,450,454,28800,28803,3
536,453,459,28800,28803,3
548,453,457,28800,28803,3
549,452,455,28800,28803,3
564,450,458,28800,28803,3
566,457,453,28800,28803,3
567,451,450,28800,28803,3
577,456,459,28800,28803,3
578,452,459,28800,28803,3
579,450,453,28800,28803,3
580,450,453,28800,28803,3
590,453,457,28800,28803,3
591,452,457,28800,28803,3
596,458,453,28800,28803,3
599,453,459,28800,28803,3
403,459,456,28800,28804,4
419,457,452,28800,28804,4
423,455,459,28800,28804,4
428,452,451,28800,28804,4
464,455,456,28800,28804,4
473,452,457,28800,28804,4
475,453,454,28800,28804,4
482,450,452,28800,28804,4
484,457,454,28800,28804,4
493,456,450,28800,28804,4
505,452,458,28800,28804,4
506,459,456,28800,28804,4
523,450,453,28800,28804,4
533,459,454,28800,28804,4
546,453,457,28800,28804,4
554,450,453,28800,28804,4
558,450,452,28800,28804,4
570,451,458,28800,28804,4
586,456,455,28800,28804,4
588,456,451,28800,28804,4
592,453,459,28800,28804,4
595,459,453,28800,28804,4
410,451,453,28800,28805,5
413,450,453,28800,28805,5
415,457,455,28800,28805,5
417,454,452,28800,28805,5
422,457,458,28800,28805,5
439,456,450,28800,28805,5
442,452,451,28800,28805,5
446,457,453,28800,28805,5
465,455,456,28800,28805,5
470,454,455,28800,28805,5
483,452,459,28800,28805,5
490,457,459,28800,28805,5
496,451,459,28800,28805,5
502,459,452,28800,28805,5
515,459,451,28800,28805,5
517,455,458,28800,28805,5
520,459,455,28800,28805,5
535,451,456,28800,28805,5
539,455,456,28800,28805,5
542,452,458,28800,28805,5
552,451,453,28800,28805,5
555,455,458,28800,28805,5
563,453,459,28800,28805,5
569,450,453,28800,28805,5
571,450,451,28800,28805,5
584,459,454,28800,28805,5
597,452,459,28800,28805,5
406,452,451,28800,28806,6
409,454,450,28800,28806,6
429,456,453,28800,28806,6
437,458,459,28800,28806,6
458,451,457,28800,28806,6
504,459,451,28800,28806,6
516,453,454,28800,28806,6
521,455,453,28800,28806,6
551,456,458,28800,28806,6
562,450,456,28800,28806,6
593,452,454,28800,28806,6
412,451,453,28800,28807,7
418,452,451,28800,28807,7
430,450,452,28800,28807,7
461,452,457,28800,28807,7
476,459,454,28800,28807,7
491,458,451,28800,28807,7
511,456,453,28800,28807,7
559,454,459,28800,28807,7
560,450,451,28800,28807,7
565,453,458,28800,28807,7
575,459,454,28800,28807,7
583,459,451,28800,28807,7
447,458,452,28800,28808,8
522,458,456,28800,28808,8
527,455,451,28800,28808,8
532,452,454,28800,28808,8
537,453,454,28800,28808,8
538,456,451,28800,28808,8
576,458,454,28800,28808,8
411,457,454,28800,28809,9
416,456,455,28800,28809,9
443,450,455,28800,28809,9
501,457,454,28800,28809,9
518,455,457,28800,28809,9
519,453,458,28800,28809,9
545,458,456,28800,28809,9
568,450,455,28800,28809,9
572,457,459,28800,28809,9
594,454,459,28800,28809,9
436,452,455,28800,28810,10
456,450,456,28800,28810,10
486,456,451,28800,28810,10
541,452,459,28800,28810,10
474,452,451,28800,28811,11
481,456,452,28800,28811,11
507,450,456,28800,28811,11
587,459,455,28800,28811,11
524,453,456,28800,28812,12
463,458,454,28800,28813,13
488,453,451,28800,28813,13
495,452,455,28800,28813,13
582,459,454,28800,28813,13
457,459,452,28800,28814,14
466,458,454,28800,28817,17
509,459,454,28800,28817,17
432,456,455,28800,28819,19
