PacketID,SourceID,DestinationID,PathLength,Path
600,454,459,3,"454->357->459"
603,450,457,3,"450->27->457"
605,452,459,3,"452->342->459"
609,459,453,3,"459->162->453"
614,458,457,3,"458->402->457"
615,450,455,3,"450->402->455"
617,459,451,3,"459->237->451"
618,459,456,3,"459->177->456"
622,452,457,3,"452->402->457"
623,454,451,3,"454->162->451"
625,454,453,3,"454->42->453"
626,457,453,3,"457->177->453"
628,452,451,3,"452->162->451"
630,455,456,3,"455->162->456"
631,458,459,3,"458->342->459"
633,451,455,3,"451->177->455"
635,456,452,3,"456->177->452"
643,453,456,3,"453->162->456"
648,457,453,3,"457->402->453"
650,459,452,3,"459->282->452"
652,458,457,3,"458->342->457"
653,454,451,3,"454->177->451"
667,454,456,3,"454->177->456"
668,450,457,3,"450->27->457"
672,452,456,3,"452->162->456"
675,455,458,3,"455->177->458"
677,457,450,3,"457->177->450"
679,454,451,3,"454->177->451"
682,456,450,3,"456->177->450"
683,459,453,3,"459->177->453"
685,453,456,3,"453->342->456"
687,451,459,3,"451->162->459"
689,459,454,3,"459->42->454"
690,455,456,3,"455->162->456"
692,459,451,3,"459->177->451"
695,451,453,3,"451->177->453"
700,457,459,3,"457->162->459"
706,458,455,3,"458->402->455"
710,455,452,3,"455->162->452"
713,458,457,3,"458->402->457"
719,453,455,3,"453->162->455"
720,451,457,3,"451->162->457"
721,458,459,3,"458->177->459"
724,453,455,3,"453->342->455"
726,457,453,3,"457->162->453"
727,453,455,3,"453->162->455"
728,450,451,3,"450->342->451"
731,457,458,3,"457->402->458"
733,459,454,3,"459->282->454"
735,455,456,3,"455->177->456"
737,452,456,3,"452->162->456"
738,459,452,3,"459->282->452"
739,459,456,3,"459->162->456"
751,458,455,3,"458->162->455"
755,452,453,3,"452->282->453"
760,456,455,3,"456->177->455"
766,457,451,3,"457->402->451"
767,452,451,3,"452->177->451"
771,454,458,3,"454->162->458"
775,456,451,3,"456->177->451"
782,453,454,3,"453->177->454"
785,458,451,3,"458->177->451"
786,451,453,3,"451->177->453"
788,458,451,3,"458->402->451"
790,457,455,3,"457->162->455"
606,450,455,4,"450->342->147->455"
608,451,457,4,"451->162->107->457"
611,451,452,4,"451->162->135->452"
612,455,453,4,"455->162->135->453"
619,453,456,4,"453->102->327->456"
624,450,456,4,"450->282->112->456"
637,455,453,4,"455->162->189->453"
638,452,451,4,"452->282->111->451"
641,452,450,4,"452->162->189->450"
642,456,454,4,"456->177->176->454"
649,458,450,4,"458->402->38->450"
651,453,451,4,"453->282->111->451"
658,456,454,4,"456->177->403->454"
660,456,452,4,"456->177->92->452"
664,453,451,4,"453->282->112->451"
665,455,452,4,"455->177->293->452"
674,453,455,4,"453->162->106->455"
680,453,450,4,"453->402->429->450"
681,452,459,4,"452->342->227->459"
691,452,455,4,"452->402->315->455"
694,451,459,4,"451->162->413->459"
696,458,457,4,"458->342->311->457"
701,453,458,4,"453->162->362->458"
723,456,454,4,"456->177->179->454"
725,454,458,4,"454->282->341->458"
729,454,455,4,"454->42->69->455"
734,456,454,4,"456->177->237->454"
741,458,456,4,"458->342->176->456"
744,452,456,4,"452->402->433->456"
745,459,453,4,"459->282->284->453"
750,450,456,4,"450->402->175->456"
757,452,454,4,"452->402->433->454"
759,454,459,4,"454->282->224->459"
769,459,450,4,"459->27->362->450"
772,455,458,4,"455->162->412->458"
773,452,450,4,"452->282->222->450"
795,453,457,4,"453->282->251->457"
602,453,459,5,"453->342->372->402->459"
604,452,457,5,"452->282->342->311->457"
610,456,452,5,"456->162->274->27->452"
629,457,459,5,"457->162->412->443->459"
645,454,458,5,"454->177->404->402->458"
646,455,451,5,"455->177->90->177->451"
654,456,453,5,"456->162->386->357->453"
655,458,455,5,"458->177->204->177->455"
656,455,450,5,"455->162->160->162->450"
657,451,452,5,"451->177->179->177->452"
662,456,459,5,"456->162->246->305->459"
663,451,453,5,"451->162->418->27->453"
669,454,453,5,"454->282->370->342->453"
673,459,450,5,"459->282->197->26->450"
676,457,451,5,"457->357->355->357->451"
684,455,454,5,"455->162->301->417->454"
697,454,459,5,"454->177->234->374->459"
704,456,458,5,"456->162->222->167->458"
708,459,452,5,"459->27->87->85->452"
711,458,453,5,"458->162->105->162->453"
716,459,457,5,"459->27->302->387->457"
718,457,452,5,"457->402->344->117->452"
730,457,450,5,"457->177->117->87->450"
736,450,456,5,"450->402->404->402->456"
746,450,458,5,"450->282->313->342->458"
756,456,452,5,"456->177->237->268->452"
763,455,451,5,"455->177->426->3->451"
764,456,451,5,"456->177->234->177->451"
774,456,453,5,"456->162->217->76->453"
776,450,455,5,"450->402->176->177->455"
779,450,453,5,"450->27->142->335->453"
787,451,455,5,"451->177->90->177->455"
798,451,450,5,"451->162->78->300->450"
613,459,451,6,"459->177->61->338->140->451"
632,455,452,6,"455->162->417->386->357->452"
636,451,450,6,"451->177->374->402->11->450"
639,459,457,6,"459->177->117->87->449->457"
640,456,458,6,"456->177->208->177->208->458"
647,452,459,6,"452->342->373->402->375->459"
661,455,452,6,"455->162->164->162->135->452"
671,450,452,6,"450->402->375->402->287->452"
717,450,453,6,"450->162->218->74->273->453"
740,455,453,6,"455->177->235->263->403->453"
747,457,456,6,"457->177->117->87->340->456"
749,454,450,6,"454->177->319->231->229->450"
752,454,459,6,"454->402->342->402->67->459"
765,453,457,6,"453->162->102->75->102->457"
784,455,453,6,"455->177->376->42->129->453"
793,452,451,6,"452->162->385->357->52->451"
799,454,451,6,"454->42->408->208->177->451"
620,458,454,7,"458->162->104->162->303->363->454"
621,456,457,7,"456->177->146->145->397->203->457"
688,451,450,7,"451->177->345->62->368->3->450"
693,457,454,7,"457->402->205->177->178->177->454"
698,453,451,7,"453->342->116->87->201->116->451"
702,458,454,7,"458->177->429->402->375->402->454"
703,450,458,7,"450->282->223->224->282->223->458"
707,450,455,7,"450->282->198->225->82->415->455"
714,452,456,7,"452->282->312->342->203->145->456"
743,456,450,7,"456->162->222->307->276->307->450"
761,454,456,7,"454->357->24->26->27->166->456"
780,453,459,7,"453->402->236->177->120->177->459"
792,456,457,7,"456->162->131->19->162->419->457"
794,450,451,7,"450->342->311->342->119->177->451"
607,450,454,8,"450->342->170->448->27->115->87->454"
678,456,450,8,"456->162->222->193->162->193->224->450"
709,456,458,8,"456->162->193->162->102->104->162->458"
732,459,453,8,"459->282->284->342->373->402->97->453"
754,458,453,8,"458->342->340->342->311->342->373->453"
762,454,452,8,"454->177->204->177->5->177->265->452"
768,450,458,8,"450->282->223->282->115->87->142->458"
797,453,459,8,"453->162->332->27->446->169->339->459"
634,459,451,9,"459->27->392->29->27->420->27->169->451"
666,456,459,9,"456->177->232->320->232->345->402->342->459"
670,457,459,9,"457->357->412->410->102->384->357->326->459"
715,456,452,9,"456->177->204->177->3->5->177->30->452"
777,457,454,9,"457->162->107->76->135->162->189->162->454"
789,453,459,9,"453->342->370->342->149->177->92->37->459"
686,454,453,10,"454->282->251->282->253->282->227->342->88->453"
705,452,453,10,"452->402->7->398->36->291->231->229->4->453"
712,456,457,10,"456->177->146->177->179->177->148->177->148->457"
742,457,453,10,"457->402->259->399->342->91->342->230->257->453"
748,455,452,10,"455->177->179->177->146->177->92->177->321->452"
753,454,456,10,"454->162->335->304->335->27->417->22->412->456"
758,457,450,10,"457->402->151->405->125->41->42->293->41->450"
781,450,454,10,"450->342->226->196->227->88->87->27->281->454"
616,452,457,11,"452->342->169->283->342->369->342->287->402->69->457"
778,452,450,11,"452->282->342->369->342->400->402->343->5->91->450"
644,459,450,12,"459->177->118->317->200->317->402->429->402->235->10->450"
659,458,455,12,"458->162->445->417->419->27->392->27->277->250->222->455"
722,454,451,12,"454->357->388->274->27->305->303->305->27->143->58->451"
783,452,454,12,"452->402->433->431->402->375->402->7->177->2->423->454"
791,454,459,12,"454->402->342->372->402->375->402->202->171->391->137->459"
796,457,456,12,"457->402->433->233->202->57->27->87->30->87->30->456"
627,454,457,13,"454->177->147->177->146->177->208->177->117->87->117->87->457"
770,451,453,13,"451->162->221->162->193->166->80->138->282->313->342->91->453"
699,453,458,14,"453->342->399->342->65->342->230->232->230->86->27->58->27->458"
601,455,457,17,"455->162->193->195->282->309->282->309->282->342->401->402->209->237->239->237->457"
